model,MAE,R2,n_obs
baseline,0.0135081602952126,-0.1507448027211446,
hybrid,0.0130641262171571,-0.1640188253961181,175.0
