model,MAE,R2,n_obs
hybrid_rf,0.013064126217157147,-0.16401882539611812,175
