model,MAE,R2
baseline_rf,0.013508160295212604,-0.15074480272114466
